Castle Rock Hostel,accom,,55.9482446266379,-3.1959223088610136,www.castlerockedinburgh.com,7,Edinburgh (28/04 - 01/05)
Calton Hill,culture,Beltane Fire Festival (Apr 30th),55.95479241992283,-3.1822508378450944,beltane.org/beltane-audience-experience,10,Edinburgh (28/04 - 01/05)
National Museum of Scotland,interest,,55.947049527526026,-3.1906767981764146,www.nms.ac.uk/national-museum-of-scotland,10,Edinburgh (28/04 - 01/05)
National Gallery of Art,interest,,55.951076253822094,-3.1957093663402523,www.nationalgalleries.org,10,Edinburgh (28/04 - 01/05)
Royal Botanic Gardens,interest,A world-leading centre of plant research; conservation horticulture and education - home to one of the largest and richest plant collections on Earth,55.9651813540005,-3.2090035303422733,www.rbge.org.uk,10,Edinburgh (28/04 - 01/05)
Edinburgh University Futures Institute,study,An interdisciplinary unit at the University of Edinburgh that links arts; humanities; and social sciences with other disciplines in research and teaching of complex societal challenges,55.944567983694675,-3.192824677211366,efi.ed.ac.uk,10,Edinburgh (28/04 - 01/05)
Lauriston Farm,study,A hundred acre farm run by a workers cooperative that is focused on food growing; biodiversity and community,55.972264458172155,-3.274349420270327,www.lauristonfarm.scot,10,Edinburgh (28/04 - 01/05)
Inches Nurseries,study,,55.92541192042716,-3.157798446445396,www.edinburghoutdoors.org.uk/plants-sale,10,Edinburgh (28/04 - 01/05)
The Royal Oak,culture,,55.9480815439279,-3.1861165375800624,www.royal-oak-folk.com,10,Edinburgh (28/04 - 01/05)
The Captain’s Bar,culture,,55.94706531411777,-3.186514618187862,www.captainsedinburgh.com,10,Edinburgh (28/04 - 01/05)
Sandy Bell’s,culture,,55.946076164543484,-3.191274188227873,sandybells.com,10,Edinburgh (28/04 - 01/05)
Edinburgh Ceilidh Club,culture,,55.94742213912649,-3.1841255192646427,edinburghceilidhclub.com,10,Edinburgh (28/04 - 01/05)
Edinburgh Open House Ceilidhs,culture,,55.96178397429701,-3.1956141051222686,www.whatsoninedinburgh.co.uk/event/097637-edinburgh-‘open-house’-ceilidhs,10,Edinburgh (28/04 - 01/05)
Westfield EfW Facility,study,Waste incineration plant - further reading: www.sciencedirect.com/science/article/pii/S132602002300732X,56.16924112714738,-3.2915776435980755,www.brockwellenergy.com/projects/westfield-energy-recovery-facility,8,Fife (02/05)
Center for Energy Ethics,study,St Andrews University - is this here or at the Eden Campus? (west-north-west),56.341719725129835,-2.7941944732823836,energyethics.st-andrews.ac.uk,7,Fife (02/05)
Eden Campus,study,St Andrews University,56.36406515415319,-2.8922809194484738,edencampus.wp.st-andrews.ac.uk,10,Fife (02/05)
Dunnottar Castle,interest,,56.94597699353382,-2.196381246888354,www.dunnottarcastle.co.uk,9,Aberdeenshire (02/05 - 03/05)
The Acorn Project,study,Carbon capture research facility,57.145204880614834,-2.274663353362408,theacornproject.uk,10,Aberdeenshire (02/05 - 03/05)
Aberdeen Bay Wind Farm,study,,57.22249384055621,-1.9727922589433706,www.vattenfall.co.uk/our-projects/european-offshore-wind-deployment-centre,10,Aberdeenshire (02/05 - 03/05)
University of Aberdeen Centre for Energy Transition,study,Aberdeen university - is this located on/in a certain campus or building? change coords if so,57.164002143472004,-2.1014858167785344,www.abdn.ac.uk/research/interdisciplinary/energy-transition,7,Aberdeenshire (02/05 - 03/05)
Piper Alpha Chapel,interest,is this Piper Alpha Memorial Garden? if not change coords,57.138123272406865,-2.1795684854107535,aboutaberdeen.com/Piper-Alpha-Memorial,10,Aberdeenshire (02/05 - 03/05)
Findhorn Village Hostel,accom,,57.65757179293328,-3.607547603089746,www.findhornvillagehostel.com,10,Moray (03/05 - 04/05)
Findhorn Foundation,study,The Ecovillage Findhorn is a synthesis of some of the very best of current thinking on sustainable human settlements & the largest single intentional community in the UK,57.65198993117957,-3.5920632305630478,www.ecovillagefindhorn.com,7,Moray (03/05 - 04/05)
Benromach Distillery,culture,,57.61358228870073,-3.620038274946295,www.benromach.com,10,Moray (03/05 - 04/05)
Black Isle Hostel,accom,,57.47981516715473,-4.226188176745006,www.blackislebrewery.com/accommodation/black-isle-hostel,7,Highlands (04/05 - 05/05)
Forsinard Flows RSPB,study,Nature reserve - Royal Society for the Protection of Birds,58.353077191128904,-3.905297020231326,www.rspb.org.uk/days-out/reserves/forsinard-flows,7,Highlands (04/05 - 05/05)
Forsinard Lodge Tea Rooms,shop/food,,58.366676461617025,-3.895595372348243,www.forsinardlodge.com
,10,Highlands (04/05 - 05/05)
Duncansby Stacks,interest,,58.630779096117145,-3.0342531059329754,,10,Highlands (04/05 - 05/05)
John O’Groats Stacks Bistro,shop/food,,58.642812069234964,-3.070138413546936,,10,Highlands (04/05 - 05/05)
Pentland Ferry,ferry,ferry to Orkney 18:45 5th May,58.63899804864129,-3.161770038363476,,7,Highlands (04/05 - 05/05)
Pentland Ferry,ferry,ferry from Gills Bay,58.83199212019048,-2.9624551439040143,,8,Orkney (05/05 - 07/05)
Peedie Hostel,accom,,58.984568815593754,-2.9633242114165568,,7,Orkney (05/05 - 07/05)
Orbital Marine Power,study,,58.99796987733912,-2.9844158002496646,,10,Orkney (05/05 - 07/05)
Skara Brae,interest,,59.04874463786315,-3.3417270457709853,,9,Orkney (05/05 - 07/05)
Skara Brae Visitor Centre,shop/food,,59.04890864361079,-3.335625068997755,,10,Orkney (05/05 - 07/05)
Broch of Gurness,interest,,59.123890655284306,-3.081492868385764,,9,Orkney (05/05 - 07/05)
Ring of Brogdar,interest,,59.00148214073033,-3.229724047165851,,10,Orkney (05/05 - 07/05)
Standing Stones of Stennes,interest,,58.99406988735107,-3.2081145563679447,,9,Orkney (05/05 - 07/05)
Maeshowe chambered burial cairn,interest,,58.99663197430942,-3.1881487894944707,,10,Orkney (05/05 - 07/05)
EMEC offices,study,,58.96365838524055,-3.301115591683185,,10,Orkney (05/05 - 07/05)
Billia Croo,study,,58.97217773746212,-3.3504593735005397,,10,Orkney (05/05 - 07/05)
NorthLink Ferry,ferry,ferry to Scrabster 16:45 7th May,58.96409192469634,-3.295546566902803,,8,Orkney (05/05 - 07/05)
NorthLink Ferry,ferry,ferry from Stromness,58.61233409617606,-3.5397813856765437,,8,Highlands (07/05 - 11/05)
Premier Inn Thurso,accom,,58.5899652136914,-3.5287324169221925,,10,Highlands (07/05 - 11/05)
Balnakeil Craft Village,interest,,58.56965720137327,-4.7639917704669985,,10,Highlands (07/05 - 11/05)
Balnakeil Bay,interest,,58.58066028656239,-4.766845132389967,,7,Highlands (07/05 - 11/05)
Kinlochbervie Community Energy Hydro Scheme,study,Riconich installation,58.430220590414905,-4.971778749721536,,8,Highlands (07/05 - 11/05)
Caledonian Hotel,accom,,57.89620015867732,-5.1606567408944155,,7,Highlands (07/05 - 11/05)
Urquhart Castle,interest,,57.32410198151737,-4.44166511559346,,8,Highlands (07/05 - 11/05)
Dundreggan Rewilding Centre,study,Trees for LifeDundreggan Rewilding CentreDundreggan Rewilding Centre,57.19215757365424,-4.764312977991813,,7,Highlands (07/05 - 11/05)
Steall Waterfall car park,interest,,56.77750990102466,-5.000528562659217,,10,Highlands (07/05 - 11/05)
Steall Waterfall,interest,,56.77000699731249,-4.979389130780631,,7,Highlands (07/05 - 11/05)
Clachaig Inn,shop/food,lunch & whisky,56.664501126540046,-5.056680233194723,,10,Highlands (07/05 - 11/05)
Glencoe Youth Hostel,accom,,56.67221377001044,-5.073879492747866,,9,Highlands (07/05 - 11/05)
Kingshouse Hotel,shop/food,,56.65148283067141,-4.841349777547632,,8,Highlands (07/05 - 11/05)
Green Wellie Cafe,shop/food,,56.43816773979799,-4.712569509244525,,8,Argyll & Bute (11/05 - 12/05)
Real Food Cafe,shop/food,,56.43586082446424,-4.710943814411429,,10,Argyll & Bute (11/05 - 12/05)
Cruachan pump visitor centre,study,,56.39454706269534,-5.1163133228817,,8,Argyll & Bute (11/05 - 12/05)
Oban Youth Hostel,accom,,56.42001868724718,-5.480175233407479,,7,Argyll & Bute (11/05 - 12/05)
Kilmartin Museum,interest,,56.133395480830416,-5.486733662330607,,8,Argyll & Bute (11/05 - 12/05)
Gulf of Corryvreckan,interest,whirlpool,56.15294335010775,-5.7016953996159785,,9,Argyll & Bute (11/05 - 12/05)
Allt Dearg and Sròndoire Community Wind Farms,study,,55.93273347497019,-5.4856515511886,,7,Argyll & Bute (11/05 - 12/05)
Inverary Jail,culture,& escape room,56.2298829181438,-5.072437945715169,,9,Argyll & Bute (11/05 - 12/05)
Loch Lomond,interest,,56.16943369565895,-4.661469727176291,,7,Argyll & Bute (11/05 - 12/05)
Glasgow Youth Hostel,accom,,55.869036149024346,-4.281027120383848,,7,Glasgow (12/05 - 13/05)
Kelvingrove Art Museum,interest,,55.86858907313106,-4.29058244555288,,10,Glasgow (12/05 - 13/05)
Glasgow School of Art,interest,tour and gallery visit,55.866458638416766,-4.263939780544785,,10,Glasgow (12/05 - 13/05)
Charles Rennie Mackintosh Society,interest,various buildings spread throughout Glasgow,55.88031052595348,-4.271832850934763,,10,Glasgow (12/05 - 13/05)
Ben Nevis Bar,culture,live scottish music,55.86489436117646,-4.285095109187753,,10,Glasgow (12/05 - 13/05)
Clutha Vaults,culture,live scottish music - not sure which Clutha pub,55.85444712705302,-4.250151859793661,,10,Glasgow (12/05 - 13/05)
Clutha & Victoria Bar,culture,live scottish music - not sure which Clutha pub,55.85457790903265,-4.249977109845904,,10,Glasgow (12/05 - 13/05)
Scotia Pub,culture,live scottish music,55.85499695111638,-4.250461226319425,,10,Glasgow (12/05 - 13/05)
Kelpies,interest,,56.01915818695298,-3.755458633965555,,9,Falkirk (14/05)
Helix Park,interest,,56.00991801680556,-3.7573319000507825,,10,Falkirk (14/05)
Falkirk Wheel,interest,,56.00035058578694,-3.841668288273662,,8,Falkirk (14/05)
Falkirk Wheel cafe,shop/food,,56.000728915163705,-3.8409987531474243,,10,Falkirk (14/05)
